Protein Name,Mutation,Observed Effect,CamSol Solubility Score,PROSOII score,PROSO II class,SolPro score,SolPro Class,Reference,fasta,sid
SIV integrase,WT,,-0.313671,0.44299999999999995,insoluble,0.514204,Soluble,Trevino,IHGQVNSDLGTWQMDCTHLEGKIVIVAVHVASGFIEAEVIPQETGRQTALFLLKLASRWPITHLHTDNGANFASQEVKMVAWWAGIEHTFGVPYNPQSQGVVEAMNHHLKNQIDRIREQANSVETIVLMAVHCMNFKRRGGIGDMTPAERLINMITTEQEIQFQ,SIV integrase|WT
SIV integrase,A_F185H_B_F185H_C_F185H_D_F185H,+,-0.284585,0.466,insoluble,0.516594,Soluble,Trevino,IHGQVNSDLGTWQMDCTHLEGKIVIVAVHVASGFIEAEVIPQETGRQTALFLLKLASRWPITHLHTDNGANFASQEVKMVAWWAGIEHTFGVPYNPQSQGVVEAMNHHLKNQIDRIREQANSVETIVLMAVHCMNHKRRGGIGDMTPAERLINMITTEQEIQFQ,SIV integrase|A_F185H_B_F185H_C_F185H_D_F185H
Human leptin,WT,,-0.30491799999999997,0.769,soluble,0.770435,Soluble,Trevino,VPIQKVQDDTKTLIKTIVTRINDISHTQSVSSKQKVTGLDFIPGLHPILTLSKMDQTLAVYQQILTSMPSRNVIQISNDLENLRDLLHVLAFSKSCHLPWASGLETLDSLGGVLEASGYSTEVVALSRLQGSLQDMLWQLDLSPGC,Human leptin|WT
Human leptin,A_W100E,+,-0.235121,0.784,soluble,0.719054,Soluble,Trevino,VPIQKVQDDTKTLIKTIVTRINDISHTQSVSSKQKVTGLDFIPGLHPILTLSKMDQTLAVYQQILTSMPSRNVIQISNDLENLRDLLHVLAFSKSCHLPEASGLETLDSLGGVLEASGYSTEVVALSRLQGSLQDMLWQLDLSPGC,Human leptin|A_W100E
Human leptin,A_W100Q_A_W138Q,+,-0.25039,0.77,soluble,0.692605,Soluble,Trevino,VPIQKVQDDTKTLIKTIVTRINDISHTQSVSSKQKVTGLDFIPGLHPILTLSKMDQTLAVYQQILTSMPSRNVIQISNDLENLRDLLHVLAFSKSCHLPQASGLETLDSLGGVLEASGYSTEVVALSRLQGSLQDMLQQLDLSPGC,Human leptin|A_W100Q_A_W138Q
Human leptin,A_W100Q_A_H97S_A_A101T_A_G112E_A_M136I_A_W138Q_A_G145E,+,-0.201105,0.8109999999999999,soluble,0.77072,Soluble,Trevino,VPIQKVQDDTKTLIKTIVTRINDISHTQSVSSKQKVTGLDFIPGLHPILTLSKMDQTLAVYQQILTSMPSRNVIQISNDLENLRDLLHVLAFSKSCSLPQTSGLETLDSLGEVLEASGYSTEVVALSRLQGSLQDILQQLDLSPEC,Human leptin|A_W100Q_A_H97S_A_A101T_A_G112E_A_M136I_A_W138Q_A_G145E
CD58,WT,,-0.218108,0.856,soluble,0.612923,Soluble,Trevino,FSQQIYGVVYGNVTFHVPSNVPLKEVLWKKQKDKVAELENSEFRAFSSFKNRVYLDTVSGSLTIYNLTSSDEDEYEMESPNITDTMKFFLYVLES,CD58|WT
CD58,D_F1S_D_V9K_D_V21Q_D_V58K_D_T85S_D_L93G,+,0.125556,0.898,soluble,0.786755,Soluble,Trevino,SSQQIYGVKYGNVTFHVPSNQPLKEVLWKKQKDKVAELENSEFRAFSSFKNRVYLDTKSGSLTIYNLTSSDEDEYEMESPNITDSMKFFLYVGES,CD58|D_F1S_D_V9K_D_V21Q_D_V58K_D_T85S_D_L93G
HhaI methyltransferase,WT,,-0.067898,0.531,insoluble,0.634433,Insoluble,Trevino,MIEIKDKQLTGLRFIDLFAGLGGFRLALESCGAECVYSNEWDKYAQEVYEMNFGEKPEGDITQVNEKTIPDHDILCAGFPCQAFSISGKQKGFEDSRGTLFFDIARIVREKKPKVVFMENVKNFASHDNGNTLEVVKNTMNELDYSFHAKVLNALDYGIPQKRERIYMICFRNDLNIQNFQFPKPFELNTFVKDLLLPDSEVEHLVIDRKDLVMTNQEIEQTTPKTVRLGIVGKGGQGERIYSTRGIAITLSAYGGGIFAKTGGYLVNGKTRKLHPRECARVMGYPDSYKVHPSTSQAYKQFGNSVVINVLQYIAYNIGSSLNFKPY,HhaI methyltransferase|WT
HhaI methyltransferase,A_V213S,+,-0.063886,0.545,insoluble,0.6413760000000001,Insoluble,Trevino,MIEIKDKQLTGLRFIDLFAGLGGFRLALESCGAECVYSNEWDKYAQEVYEMNFGEKPEGDITQVNEKTIPDHDILCAGFPCQAFSISGKQKGFEDSRGTLFFDIARIVREKKPKVVFMENVKNFASHDNGNTLEVVKNTMNELDYSFHAKVLNALDYGIPQKRERIYMICFRNDLNIQNFQFPKPFELNTFVKDLLLPDSEVEHLVIDRKDLSMTNQEIEQTTPKTVRLGIVGKGGQGERIYSTRGIAITLSAYGGGIFAKTGGYLVNGKTRKLHPRECARVMGYPDSYKVHPSTSQAYKQFGNSVVINVLQYIAYNIGSSLNFKPY,HhaI methyltransferase|A_V213S
HIV type 1 integrase,WT,,-0.323805,0.588,insoluble,0.9792290000000001,Soluble,Trevino,MHGQVDCSPGIWQLDCTHLEGKVILVAVHVASGYIEAEVIPAETGQETAYFLLKLAGRWPVKTVHTDNGSNFTSTTVKAACWWAGIKQEFGIPYNPQSQGVIESMNKELKKIIGQVRDQAEHLKTAVQMAVFIHNFKRKGGIGGYSAGERIVDIIATDIQTKE,HIV type 1 integrase|WT
HIV type 1 integrase,A_F185K,+,-0.25990599999999997,0.608,soluble,0.9827170000000001,Soluble,Trevino,MHGQVDCSPGIWQLDCTHLEGKVILVAVHVASGYIEAEVIPAETGQETAYFLLKLAGRWPVKTVHTDNGSNFTSTTVKAACWWAGIKQEFGIPYNPQSQGVIESMNKELKKIIGQVRDQAEHLKTAVQMAVFIHNKKRKGGIGGYSAGERIVDIIATDIQTKE,HIV type 1 integrase|A_F185K
Moloney murine leukemia virus reverse transcriptase,WT,,-0.082471,0.715,soluble,0.735622,Insoluble,Trevino,TWLSDFPQAWAETGGMGLAVRQAPLIIPLKATSTPVSIKQYPMSQEARLGIKPHIQRLLDQGILVPCQSPWNTPLLPVKKPGTNDYRPVQDLREVNKRVEDIHPTVPNPYNLLSGLPPSHQWYTVLDLKDAFFCLRLHPTSQPLFAFEWRDPEMGISGQLTWTRLPQGFKNSPTLFDEALHRDLADFRIQHPDLILLQYVDDLLLAATSELDCQQGTRALLQTLGNLGYRASAKKAQICQKQVKYLGYLLKEGQRWLTEARKETVMGQPTPKTPRQLREFLGTAGFCRLWIPGFAEMAAPLYPLTKTGTLFNWGPDQQKAYQEIKQALLTAPALGLPDLTKPFELFVDEKQGYAKGVLTQKLGPWRRPVAYLSKKLDPVAAGWPPCLRMVAAIAVLTKDAGKLTMGQPLVILAPHAVEALVKQPPDRWLSNARMTHYQALLLDTDRVQFGP,Moloney murine leukemia virus reverse transcriptase|WT
Moloney murine leukemia virus reverse transcriptase,A_I435K,+,-0.064973,0.722,soluble,0.714566,Insoluble,Trevino,TWLSDFPQAWAETGGMGLAVRQAPLIIPLKATSTPVSIKQYPMSQEARLGIKPHIQRLLDQGILVPCQSPWNTPLLPVKKPGTNDYRPVQDLREVNKRVEDIHPTVPNPYNLLSGLPPSHQWYTVLDLKDAFFCLRLHPTSQPLFAFEWRDPEMGISGQLTWTRLPQGFKNSPTLFDEALHRDLADFRIQHPDLILLQYVDDLLLAATSELDCQQGTRALLQTLGNLGYRASAKKAQICQKQVKYLGYLLKEGQRWLTEARKETVMGQPTPKTPRQLREFLGTAGFCRLWIPGFAEMAAPLYPLTKTGTLFNWGPDQQKAYQEIKQALLTAPALGLPDLTKPFELFVDEKQGYAKGVLTQKLGPWRRPVAYLSKKLDPVAAGWPPCLRMVAAIAVLTKDAGKLTMGQPLVKLAPHAVEALVKQPPDRWLSNARMTHYQALLLDTDRVQFGP,Moloney murine leukemia virus reverse transcriptase|A_I435K
Xylose isomerase,WT,,0.005932,0.612,soluble,0.603486,Insoluble,Trevino,MAYFNDIAPIKYEGTKTKNMFAFRHYNPEEVVAGKTMEEQLHFALAFWHTITMDGSDPFGGATMERPWDLEGGSELDRAHRRVDAFFEIAEKLGVKYYCFHDIDIAPTGNSLKEFYANLDEITDHLLEKQKATGIKLLWNTANMFSNPRYMNGVSTSNRAEVFAYGAAQVKKGLELSKKLGGENYVFWGGREGYESLLNTDRGLEMDHMAKFFHLAIYYAKSINHLPIFLIEPKPKEPMTHQYDFDAATALAFLQKYDLDKYFKLNLETNHAWLVGHTFEHELNTARTFNALGSIDANQGNYLLGWDTDEFPTLVIDITLAMHQILLNGGLGKGGINFDAKVRRTSFKAEDLILAHIAGMDTYARALKGAAAIIEDKFLSDIVDERYSSYKNTEVGQSIENGTATFKSLAAFALEHGDDIELDSNHLEYIKSVLNDYLV,Xylose isomerase|WT
Xylose isomerase,A_R202M_A_Y218D_A_V275A,+,0.023013,0.585,insoluble,0.555044,Insoluble,Trevino,MAYFNDIAPIKYEGTKTKNMFAFRHYNPEEVVAGKTMEEQLHFALAFWHTITMDGSDPFGGATMERPWDLEGGSELDRAHRRVDAFFEIAEKLGVKYYCFHDIDIAPTGNSLKEFYANLDEITDHLLEKQKATGIKLLWNTANMFSNPRYMNGVSTSNRAEVFAYGAAQVKKGLELSKKLGGENYVFWGGREGYESLLNTDMGLEMDHMAKFFHLAIDYAKSINHLPIFLIEPKPKEPMTHQYDFDAATALAFLQKYDLDKYFKLNLETNHAWLAGHTFEHELNTARTFNALGSIDANQGNYLLGWDTDEFPTLVIDITLAMHQILLNGGLGKGGINFDAKVRRTSFKAEDLILAHIAGMDTYARALKGAAAIIEDKFLSDIVDERYSSYKNTEVGQSIENGTATFKSLAAFALEHGDDIELDSNHLEYIKSVLNDYLV,Xylose isomerase|A_R202M_A_Y218D_A_V275A
Xylose isomerase,A_K407E,+,0.007883,0.615,soluble,0.591121,Insoluble,Trevino,MAYFNDIAPIKYEGTKTKNMFAFRHYNPEEVVAGKTMEEQLHFALAFWHTITMDGSDPFGGATMERPWDLEGGSELDRAHRRVDAFFEIAEKLGVKYYCFHDIDIAPTGNSLKEFYANLDEITDHLLEKQKATGIKLLWNTANMFSNPRYMNGVSTSNRAEVFAYGAAQVKKGLELSKKLGGENYVFWGGREGYESLLNTDRGLEMDHMAKFFHLAIYYAKSINHLPIFLIEPKPKEPMTHQYDFDAATALAFLQKYDLDKYFKLNLETNHAWLVGHTFEHELNTARTFNALGSIDANQGNYLLGWDTDEFPTLVIDITLAMHQILLNGGLGKGGINFDAKVRRTSFKAEDLILAHIAGMDTYARALKGAAAIIEDKFLSDIVDERYSSYKNTEVGQSIENGTATFESLAAFALEHGDDIELDSNHLEYIKSVLNDYLV,Xylose isomerase|A_K407E
Xylose isomerase,A_S388T,-,-0.005476,0.642,soluble,0.636332,Insoluble,Trevino,MAYFNDIAPIKYEGTKTKNMFAFRHYNPEEVVAGKTMEEQLHFALAFWHTITMDGSDPFGGATMERPWDLEGGSELDRAHRRVDAFFEIAEKLGVKYYCFHDIDIAPTGNSLKEFYANLDEITDHLLEKQKATGIKLLWNTANMFSNPRYMNGVSTSNRAEVFAYGAAQVKKGLELSKKLGGENYVFWGGREGYESLLNTDRGLEMDHMAKFFHLAIYYAKSINHLPIFLIEPKPKEPMTHQYDFDAATALAFLQKYDLDKYFKLNLETNHAWLVGHTFEHELNTARTFNALGSIDANQGNYLLGWDTDEFPTLVIDITLAMHQILLNGGLGKGGINFDAKVRRTSFKAEDLILAHIAGMDTYARALKGAAAIIEDKFLSDIVDERYTSYKNTEVGQSIENGTATFKSLAAFALEHGDDIELDSNHLEYIKSVLNDYLV,Xylose isomerase|A_S388T
Human apolipoprotein E C-terminal domain,WT,,0.816166,0.813,soluble,0.712505,Soluble,Trevino,KVEQAVETEPEPELRQQTEWQSGQRWELALGRFWDYLRWVQTLSEQVQEELLSSQVTQELRALMDETMKELKAYKSELEEQLTPVAEETRARLSKELQAAQARLGADMEDVCGRLVQYRGEVQAMLGQSTEELRVRLASHLRKLRKRLLRDADDLQKRLAVYQAGAREGAERGLSAIRERLGPLVEQGRVRAATVGSLAGQPLQERAQAWGERLRARMEEMGSRTRDRLDEVKEQVAEVRAKLEEQAQQIRLQAEAFQARLKSWFEPLVEDMQRQWAGLVEKVQAAVGTSAAPVPSDNH,Human apolipoprotein E C-terminal domain|WT
Human apolipoprotein E C-terminal domain,A_F257A_A_W264R_A_V269A_A_L279Q_A_V287E,+,0.9164190000000001,0.821,soluble,0.73436,Soluble,Trevino,KVEQAVETEPEPELRQQTEWQSGQRWELALGRFWDYLRWVQTLSEQVQEELLSSQVTQELRALMDETMKELKAYKSELEEQLTPVAEETRARLSKELQAAQARLGADMEDVCGRLVQYRGEVQAMLGQSTEELRVRLASHLRKLRKRLLRDADDLQKRLAVYQAGAREGAERGLSAIRERLGPLVEQGRVRAATVGSLAGQPLQERAQAWGERLRARMEEMGSRTRDRLDEVKEQVAEVRAKLEEQAQQIRLQAEAAQARLKSRFEPLAEDMQRQWAGQVEKVQAAEGTSAAPVPSDNH,Human apolipoprotein E C-terminal domain|A_F257A_A_W264R_A_V269A_A_L279Q_A_V287E
Cholera toxin A1 subunit,WT,,-0.057114,0.61,soluble,0.609871,Insoluble,Trevino,NDDKLYRADSRPPDEIKQSGGLMPRGQSEYFDRGTQMNINLYDHARGTQTGFVRHDDGYVSTSISLRSAHLVGQTILSGHSTYYIYVIATAPNMFNVNDVLGAYSPHPDEQEVSALGGIPYSQIYGWYRVHFGVLDEQLHRNRGYRDRYYSNLDIAPAADGYGLAGFPPEHRAWREEPWIHHAPPGCGNAPRSS,Cholera toxin A1 subunit|WT
Cholera toxin A1 subunit,A_F132S,+,-0.011233,0.6729999999999999,soluble,0.5896279999999999,Insoluble,Trevino,NDDKLYRADSRPPDEIKQSGGLMPRGQSEYFDRGTQMNINLYDHARGTQTGFVRHDDGYVSTSISLRSAHLVGQTILSGHSTYYIYVIATAPNMFNVNDVLGAYSPHPDEQEVSALGGIPYSQIYGWYRVHSGVLDEQLHRNRGYRDRYYSNLDIAPAADGYGLAGFPPEHRAWREEPWIHHAPPGCGNAPRSS,Cholera toxin A1 subunit|A_F132S
Human translation initiation factor eIF2alpha,WT,,0.5258010000000001,0.63,soluble,0.600166,Insoluble,Trevino,MPGLSCRFYQHKFPEVEDVVMVNVRSIAEMGAYVSLLEYNNIEGMILLSELSRRRIRSINKLIRIGRNECVVVIRVDKEKGYIDLSKRRVSPEEAIKCEDKFTKSKTVYSILRHVAEVLEYTKDEQLESLFQRTAWVFDDKYKRPGYGAYDAFKHAVSDPSILDSLDLNEDEREVLINNINRRLTPQAVKIRADIEVACYGYEGIDAVKEALRAGLNCSTENMPIKINLIAPPRYVMTTTTLERTEGLSVLSQAMAVIKEKIEEKRGVFNVQMEPKVVTDTDETELARQMERLERENAEVDGDDDAEEMEAKAED,Human translation initiation factor eIF2alpha|WT
Human translation initiation factor eIF2alpha,A_I27Q_A_I46H_A_V71K,+,0.565635,0.7070000000000001,soluble,0.536729,Insoluble,Trevino,MPGLSCRFYQHKFPEVEDVVMVNVRSQAEMGAYVSLLEYNNIEGMHLLSELSRRRIRSINKLIRIGRNECKVVIRVDKEKGYIDLSKRRVSPEEAIKCEDKFTKSKTVYSILRHVAEVLEYTKDEQLESLFQRTAWVFDDKYKRPGYGAYDAFKHAVSDPSILDSLDLNEDEREVLINNINRRLTPQAVKIRADIEVACYGYEGIDAVKEALRAGLNCSTENMPIKINLIAPPRYVMTTTTLERTEGLSVLSQAMAVIKEKIEEKRGVFNVQMEPKVVTDTDETELARQMERLERENAEVDGDDDAEEMEAKAED,Human translation initiation factor eIF2alpha|A_I27Q_A_I46H_A_V71K
Human apolipoprotein D,WT,,-0.441772,0.87,soluble,0.51557,Soluble,Trevino,QAFHLGKCPNPPVQENFDVNKYLGRWYEIEKIPTTFENGRCIQANYSLMENGKIKVLNQELRADGTVNQIEGEATPVNLTEPAKLEVKFSWFMPSAPYWILATDYENYALVYSCTCIIQLFHVDFAWILARNPNLPPETVDSLKNILTSNNIDVKKMTVTDQVNCPKLS,Human apolipoprotein D|WT
Human apolipoprotein D,A_W99H_A_I118S_A_L120S,+,-0.379382,0.8740000000000001,soluble,0.534061,Soluble,Trevino,QAFHLGKCPNPPVQENFDVNKYLGRWYEIEKIPTTFENGRCIQANYSLMENGKIKVLNQELRADGTVNQIEGEATPVNLTEPAKLEVKFSWFMPSAPYHILATDYENYALVYSCTCISQSFHVDFAWILARNPNLPPETVDSLKNILTSNNIDVKKMTVTDQVNCPKLS,Human apolipoprotein D|A_W99H_A_I118S_A_L120S
Potassium channel KcsA,WT,,-0.356241,0.523,insoluble,0.821673,Insoluble,Trevino,MPPMLSGLLARLVKLLLGRHGSALHWRAAGAATVLLVIVLLAGSYLAVLAERGAPGAQLITYPRALWWSVETATTVGYGDLYPVTLWGRLVAVVVMVAGITSFGLVTAALATWFVLREQERRGHFVRHSEKAAEEAYTRTTRALHERFDRLERMLDDNRR,Potassium channel KcsA|WT
Potassium channel KcsA,A_W26E_A_L24D_A_L81R_A_V93E_A_L116R_B_W26E_B_L24D_B_L81R_B_V93E_B_L116R_C_W26E_C_L24D_C_L81R_C_V93E_C_L116R_D_W26E_D_L24D_D_L81R_D_V93E_D_L116R,+,-0.11893699999999999,0.502,insoluble,0.785467,Insoluble,Trevino,MPPMLSGLLARLVKLLLGRHGSADHERAAGAATVLLVIVLLAGSYLAVLAERGAPGAQLITYPRALWWSVETATTVGYGDRYPVTLWGRLVAEVVMVAGITSFGLVTAALATWFVRREQERRGHFVRHSEKAAEEAYTRTTRALHERFDRLERMLDDNRR,Potassium channel KcsA|A_W26E_A_L24D_A_L81R_A_V93E_A_L116R_B_W26E_B_L24D_B_L81R_B_V93E_B_L116R_C_W26E_C_L24D_C_L81R_C_V93E_C_L116R_D_W26E_D_L24D_D_L81R_D_V93E_D_L116R
Catalytic domain of beta4gal-T1,WT,,-0.21663400000000002,0.49200000000000005,insoluble,0.7976409999999999,Insoluble,Trevino,LPACPEESPLLVGPMLIEFNMPVDLELVAKQNPNVKMGGRYAPRDCVSPHKVAIIIPFRNRQEHLKYWLYYLHPVLQRQQLDYGIYVINQAGDTIFNRAKLLNVGFQEALKDYDYTCFVFSDVDLIPMNDHNAYRCFSQPRHISVAMDKFGFSLPYVQYFGGVSALSKQQFLTINGFPNNYWGWGGEDDDIFNRLVFRGMSISRPNAVVGRCRMIRHSRDKKNEPNPQRFDRIAHTKETMLSDGLNSLTYQVLDVQRYPLYTQITVDIGTPS,Catalytic domain of beta4gal-T1|WT
Catalytic domain of beta4gal-T1,A_A155E_A_N160K_A_M163T_A_A168T_A_T242N_A_N255D_A_A259T,+,-0.178798,0.5760000000000001,insoluble,0.7724270000000001,Insoluble,Trevino,LPACPEESPLLVGPMLIEFNMPVDLELVEKQNPKVKTGGRYTPRDCVSPHKVAIIIPFRNRQEHLKYWLYYLHPVLQRQQLDYGIYVINQAGDTIFNRAKLLNVGFQEALKDYDYNCFVFSDVDLIPMDDHNTYRCFSQPRHISVAMDKFGFSLPYVQYFGGVSALSKQQFLTINGFPNNYWGWGGEDDDIFNRLVFRGMSISRPNAVVGRCRMIRHSRDKKNEPNPQRFDRIAHTKETMLSDGLNSLTYQVLDVQRYPLYTQITVDIGTPS,Catalytic domain of beta4gal-T1|A_A155E_A_N160K_A_M163T_A_A168T_A_T242N_A_N255D_A_A259T
Type S1 dihydrofolate reductase,WT,,-0.17685499999999998,0.894,soluble,0.618853,Insoluble,Trevino,TLSIIVAHDKQRVIGYQNQLPWHLPNDLKHIKQLTTGNTLVMARKTFNSIGKPLPNRRNVVLTNQASFHHEGVDVINSLDEIKELSGHVFIFGGQTLYEAMIDQVDDMYITVIDGKFQGDTFFPPYTFENWEVESSVEGQLDEKNTIPHTFLHLVRRKGK,Type S1 dihydrofolate reductase|WT
Type S1 dihydrofolate reductase,A_N130D,+,-0.14687,0.895,soluble,0.595532,Insoluble,Trevino,TLSIIVAHDKQRVIGYQNQLPWHLPNDLKHIKQLTTGNTLVMARKTFNSIGKPLPNRRNVVLTNQASFHHEGVDVINSLDEIKELSGHVFIFGGQTLYEAMIDQVDDMYITVIDGKFQGDTFFPPYTFEDWEVESSVEGQLDEKNTIPHTFLHLVRRKGK,Type S1 dihydrofolate reductase|A_N130D
Type S1 dihydrofolate reductase,A_N130D_A_N48E,+,-0.129359,0.88,soluble,0.6945359999999999,Insoluble,Trevino,TLSIIVAHDKQRVIGYQNQLPWHLPNDLKHIKQLTTGNTLVMARKTFESIGKPLPNRRNVVLTNQASFHHEGVDVINSLDEIKELSGHVFIFGGQTLYEAMIDQVDDMYITVIDGKFQGDTFFPPYTFEDWEVESSVEGQLDEKNTIPHTFLHLVRRKGK,Type S1 dihydrofolate reductase|A_N130D_A_N48E
Type S1 dihydrofolate reductase,A_N48E,+,-0.159344,0.866,soluble,0.705024,Insoluble,Trevino,TLSIIVAHDKQRVIGYQNQLPWHLPNDLKHIKQLTTGNTLVMARKTFESIGKPLPNRRNVVLTNQASFHHEGVDVINSLDEIKELSGHVFIFGGQTLYEAMIDQVDDMYITVIDGKFQGDTFFPPYTFENWEVESSVEGQLDEKNTIPHTFLHLVRRKGK,Type S1 dihydrofolate reductase|A_N48E
Hemoglobin,WT,,-0.27818200000000004,0.9179999999999999,soluble,0.937434,Soluble,Trevino,VHLTPEEKSAVTALWGKVNVDEVGGEALGRLLVVYPWTQRFFESFGDLSTPDAVMGNPKVKAHGKKVLGAFSDGLAHLDNLKGTFATLSELHCDKLHVDPENFRLLGNVLVCVLAHHFGKEFTPPVQAAYQKVVAGVANALAHKYH,Hemoglobin|WT
Hemoglobin,B_E6K_D_E6K,-,-0.28384699999999996,0.9159999999999999,soluble,0.947843,Soluble,Trevino,VHLTPKEKSAVTALWGKVNVDEVGGEALGRLLVVYPWTQRFFESFGDLSTPDAVMGNPKVKAHGKKVLGAFSDGLAHLDNLKGTFATLSELHCDKLHVDPENFRLLGNVLVCVLAHHFGKEFTPPVQAAYQKVVAGVANALAHKYH,Hemoglobin|B_E6K_D_E6K
Hemoglobin,B_S9C_D_S9C,-,-0.31918,0.922,soluble,0.95021,Soluble,Trevino,VHLTPEEKCAVTALWGKVNVDEVGGEALGRLLVVYPWTQRFFESFGDLSTPDAVMGNPKVKAHGKKVLGAFSDGLAHLDNLKGTFATLSELHCDKLHVDPENFRLLGNVLVCVLAHHFGKEFTPPVQAAYQKVVAGVANALAHKYH,Hemoglobin|B_S9C_D_S9C
scV_tail,WT,,-0.69857265,0.88,soluble,0.665738,soluble,Tan,MDIQMTQITSSLSASLGDRVTISCRPSQDISNFLNWYQQTPNGTVKLLIYYTSRLHSDVPSRFSGSGSGTDYSLTIDNVEQEDFATYFCQQGKTLPYTFGGGTKLEIQGGGGSGGGGSGGGGSQVQLKESGPGLVQPSQTLSITCTVSGFSLTTYGVHWLRQSPGKGLEWLGVIWSGGNTDYNAAFISRLSVNKDNSKRQVFFKLNSLQPNDTAIYYCSSNRYDWIAYWGQGTLVAVCHHHHHH,scV_tail|WT
scV_tail,polyE,+,-0.5331600000000001,0.9009999999999999,soluble,0.767893,soluble,Tan,MDIQMTQITSSLSASLGDRVTISCRPSQDISNFLNWYQQTPNGTVKLLIYYTSRLHSDVPSRFSGSGSGTDYSLTIDNVEQEDFATYFCQQGKTLPYTFGGGTKLEIQGGGGSGGGGSGGGGSQVQLKESGPGLVQPSQTLSITCTVSGFSLTTYGVHWLRQSPGKGLEWLGVIWSGGNTDYNAAFISRLSVNKDNSKRQVFFKLNSLQPNDTAIYYCSSNRYDWIAYWGQGTLVAVEEEEECDPHHHHHH,scV_tail|polyE
scV,K-pos-1,+,-0.659701,0.9309999999999999,soluble,0.522063,soluble,Miklos,EVKLVESGGGLVKPGGSLKLKCKASGFTFSSYAMSWVRQRPEKRLEWVATISTGGGYTYFPDSVKGRFKISRDNAKNALYLQMKSLRSEDTARYYCARQGDFGDWYFDVWGAGTTVTVSGSGSGSGSGDVLMTQTPLKLPVSLGDQASIKCRSSQSLVHSNGNTYLHWYLQKPGQSPKLLIYKVSNRFSGVPDRFSGSGSGTDFTLKIKRVEAEDLGVYFCSQSTHVPWTFGGGTKLEIKRA,scV|K-pos-1
scV,K-pos-2,+,-0.45631099999999997,0.9259999999999999,soluble,0.553578,soluble,Miklos,EVKLVESGGGKVKPGGSLKLKCKASGFTFSSYAMSWVRQRPEKRLEWVATISTGGGYTYFPDSVKGRFKISRDNAKNALYLQMKSLRSEDTARYYCARQGDFGDWYFDVWGAGTTVTVSGSGSGSGSGDVLMTQTPKKLPVSLGDQASIRCRSSQSLVHSNGNTYLHWYLQKPGQSPKLLIYKVSNRFSGVPDRFSGSGSGTDFRLKIKRVEAEDLGVYFCSQSTHVPWTFGGGTKLEIKRA,scV|K-pos-2
scV,K-pos-3,+,-0.398333,0.927,soluble,0.580735,soluble,Miklos,KVKLVESGGGKVKPGGSLKLKCKASGFTFSSYAMSWVRQRPEKRLEWVATISTGGGYTYFPDSVKGRFKISRDNAKNALYLQMKSLRKEDTARYYCARQGDFGDWYFDVWGAGTTVTVSGSGSGSGSGDVLMTQTPKKLPVRLGDQASIRCRSSQSLVHSNGNTYLHWYLQKPGQSPKLLIYKVSNRFSGVPDRFSGSGSGTDFRLKIKRVEAEDLGVYFCSQSTHVPWTFGGGTKLEIKRA,scV|K-pos-3
scV,WT,,-1.0388979999999999,0.924,soluble,0.698559,insoluble,Miklos,EVKLVESGGGLVKPGGSLKLSCAASGFTFSSYAMSWVRQTPEKRLEWVATISTGGGYTYFPDSVKGRFTISRDNAKNALYLQMKSLRSEDTAMYYCARQGDFGDWYFDVWGAGTTVTVSGSGSGSGSGDVLMTQTPLSLPVSLGDQASISCRSSQSLVHSNGNTYLHWYLQKPGQSPKLLIYKVSNRFSGVPDRFSGSGSGTDFTLKISRVEAEDLGVYFCSQSTHVPWTFGGGTKLEIKRA,scV|WT
VL,WT,,-0.585914,0.8390000000000001,soluble,0.59625,soluble,Dudgeon,DIQMTQSPSSLSASVGDRVTITCRASQSISSYLNWYQQKPGKAPKLLIYAASSLQSGVPSRFSGSGSGTDFTLTISSLQPEDFATYYCQQSYSTPNTFGQGTKVEIK,VL|WT
VL,A_R24D,+,-0.601035,0.841,soluble,0.713851,soluble,Dudgeon,DIQMTQSPSSLSASVGDRVTITCDASQSISSYLNWYQQKPGKAPKLLIYAASSLQSGVPSRFSGSGSGTDFTLTISSLQPEDFATYYCQQSYSTPNTFGQGTKVEIK,VL|A_R24D
VL,A_S26D,+,-0.568249,0.8420000000000001,soluble,0.61422,soluble,Dudgeon,DIQMTQSPSSLSASVGDRVTITCRADQSISSYLNWYQQKPGKAPKLLIYAASSLQSGVPSRFSGSGSGTDFTLTISSLQPEDFATYYCQQSYSTPNTFGQGTKVEIK,VL|A_S26D
VL,A_Q27D,+,-0.56272,0.8240000000000001,soluble,0.6216109999999999,soluble,Dudgeon,DIQMTQSPSSLSASVGDRVTITCRASDSISSYLNWYQQKPGKAPKLLIYAASSLQSGVPSRFSGSGSGTDFTLTISSLQPEDFATYYCQQSYSTPNTFGQGTKVEIK,VL|A_Q27D
VL,A_S28D,+,-0.5615439999999999,0.8490000000000001,soluble,0.666428,soluble,Dudgeon,DIQMTQSPSSLSASVGDRVTITCRASQDISSYLNWYQQKPGKAPKLLIYAASSLQSGVPSRFSGSGSGTDFTLTISSLQPEDFATYYCQQSYSTPNTFGQGTKVEIK,VL|A_S28D
VL,A_I29D,+,-0.5349149999999999,0.8320000000000001,soluble,0.599475,soluble,Dudgeon,DIQMTQSPSSLSASVGDRVTITCRASQSDSSYLNWYQQKPGKAPKLLIYAASSLQSGVPSRFSGSGSGTDFTLTISSLQPEDFATYYCQQSYSTPNTFGQGTKVEIK,VL|A_I29D
VL,A_S30D,+,-0.551633,0.836,soluble,0.622562,soluble,Dudgeon,DIQMTQSPSSLSASVGDRVTITCRASQSIDSYLNWYQQKPGKAPKLLIYAASSLQSGVPSRFSGSGSGTDFTLTISSLQPEDFATYYCQQSYSTPNTFGQGTKVEIK,VL|A_S30D
VL,A_S31D,+,-0.555203,0.813,soluble,0.600676,soluble,Dudgeon,DIQMTQSPSSLSASVGDRVTITCRASQSISDYLNWYQQKPGKAPKLLIYAASSLQSGVPSRFSGSGSGTDFTLTISSLQPEDFATYYCQQSYSTPNTFGQGTKVEIK,VL|A_S31D
VL,A_Y32D,+,-0.508796,0.831,soluble,0.815865,Insoluble,Dudgeon,DIQMTQSPSSLSASVGDRVTITCRASQSISSDLNWYQQKPGKAPKLLIYAASSLQSGVPSRFSGSGSGTDFTLTISSLQPEDFATYYCQQSYSTPNTFGQGTKVEIK,VL|A_Y32D
VL,A_N34D,+,-0.560154,0.8370000000000001,soluble,0.59646,soluble,Dudgeon,DIQMTQSPSSLSASVGDRVTITCRASQSISSYLDWYQQKPGKAPKLLIYAASSLQSGVPSRFSGSGSGTDFTLTISSLQPEDFATYYCQQSYSTPNTFGQGTKVEIK,VL|A_N34D
VL,A_Y49D,+,-0.557258,0.841,soluble,0.689366,soluble,Dudgeon,DIQMTQSPSSLSASVGDRVTITCRASQSISSYLNWYQQKPGKAPKLLIDAASSLQSGVPSRFSGSGSGTDFTLTISSLQPEDFATYYCQQSYSTPNTFGQGTKVEIK,VL|A_Y49D
VL,A_A50D,+,-0.556636,0.841,soluble,0.57482,soluble,Dudgeon,DIQMTQSPSSLSASVGDRVTITCRASQSISSYLNWYQQKPGKAPKLLIYDASSLQSGVPSRFSGSGSGTDFTLTISSLQPEDFATYYCQQSYSTPNTFGQGTKVEIK,VL|A_A50D
VL,A_A51D,+,-0.556538,0.8420000000000001,soluble,0.977932,Insoluble,Dudgeon,DIQMTQSPSSLSASVGDRVTITCRASQSISSYLNWYQQKPGKAPKLLIYADSSLQSGVPSRFSGSGSGTDFTLTISSLQPEDFATYYCQQSYSTPNTFGQGTKVEIK,VL|A_A51D
VL,A_S52D,+,-0.563485,0.8370000000000001,soluble,0.690842,soluble,Dudgeon,DIQMTQSPSSLSASVGDRVTITCRASQSISSYLNWYQQKPGKAPKLLIYAADSLQSGVPSRFSGSGSGTDFTLTISSLQPEDFATYYCQQSYSTPNTFGQGTKVEIK,VL|A_S52D
VL,A_S53D,+,-0.5677439999999999,0.81,soluble,0.753057,Insoluble,Dudgeon,DIQMTQSPSSLSASVGDRVTITCRASQSISSYLNWYQQKPGKAPKLLIYAASDLQSGVPSRFSGSGSGTDFTLTISSLQPEDFATYYCQQSYSTPNTFGQGTKVEIK,VL|A_S53D
VL,A_Q55D,+,-0.585391,0.84,soluble,0.624085,soluble,Dudgeon,DIQMTQSPSSLSASVGDRVTITCRASQSISSYLNWYQQKPGKAPKLLIYAASSLDSGVPSRFSGSGSGTDFTLTISSLQPEDFATYYCQQSYSTPNTFGQGTKVEIK,VL|A_Q55D
VL,A_S56D,+,-0.578759,0.8420000000000001,soluble,0.546266,soluble,Dudgeon,DIQMTQSPSSLSASVGDRVTITCRASQSISSYLNWYQQKPGKAPKLLIYAASSLQDGVPSRFSGSGSGTDFTLTISSLQPEDFATYYCQQSYSTPNTFGQGTKVEIK,VL|A_S56D
VH,WT,,-0.522944,0.7879999999999999,soluble,0.720963,Insoluble,Dudgeon,QLLESGGGLVQPGGSLRLSCAASGFTFSSYAMSWVRQAPGKGLEWVSAISGSGGSTYYADSVKGRFTISRDNSKNTLYLQMNSLRAEDTAVYYCAKSYGAFDYWGQGTLVTVS,VH|WT
VH,A_G26D,+,-0.508849,0.743,soluble,0.778276,soluble,Dudgeon,QLLESGGGLVQPGGSLRLSCAASDFTFSSYAMSWVRQAPGKGLEWVSAISGSGGSTYYADSVKGRFTISRDNSKNTLYLQMNSLRAEDTAVYYCAKSYGAFDYWGQGTLVTVS,VH|A_G26D
VH,A_T28D,+,-0.43655,0.7709999999999999,soluble,0.678977,Insoluble,Dudgeon,QLLESGGGLVQPGGSLRLSCAASGFDFSSYAMSWVRQAPGKGLEWVSAISGSGGSTYYADSVKGRFTISRDNSKNTLYLQMNSLRAEDTAVYYCAKSYGAFDYWGQGTLVTVS,VH|A_T28D
VH,A_S30D,+,-0.48758599999999996,0.79,soluble,0.701445,Insoluble,Dudgeon,QLLESGGGLVQPGGSLRLSCAASGFTFDSYAMSWVRQAPGKGLEWVSAISGSGGSTYYADSVKGRFTISRDNSKNTLYLQMNSLRAEDTAVYYCAKSYGAFDYWGQGTLVTVS,VH|A_S30D
VH,A_S31D,+,-0.48867,0.741,soluble,0.693929,Insoluble,Dudgeon,QLLESGGGLVQPGGSLRLSCAASGFTFSDYAMSWVRQAPGKGLEWVSAISGSGGSTYYADSVKGRFTISRDNSKNTLYLQMNSLRAEDTAVYYCAKSYGAFDYWGQGTLVTVS,VH|A_S31D
VH,A_Y32D,+,-0.448457,0.764,soluble,0.694678,Insoluble,Dudgeon,QLLESGGGLVQPGGSLRLSCAASGFTFSSDAMSWVRQAPGKGLEWVSAISGSGGSTYYADSVKGRFTISRDNSKNTLYLQMNSLRAEDTAVYYCAKSYGAFDYWGQGTLVTVS,VH|A_Y32D
VH,A_A33D,+,-0.523089,0.799,soluble,0.703918,Insoluble,Dudgeon,QLLESGGGLVQPGGSLRLSCAASGFTFSSYDMSWVRQAPGKGLEWVSAISGSGGSTYYADSVKGRFTISRDNSKNTLYLQMNSLRAEDTAVYYCAKSYGAFDYWGQGTLVTVS,VH|A_A33D
VH,A_S35D,+,-0.506109,0.77,soluble,0.742508,Insoluble,Dudgeon,QLLESGGGLVQPGGSLRLSCAASGFTFSSYAMDWVRQAPGKGLEWVSAISGSGGSTYYADSVKGRFTISRDNSKNTLYLQMNSLRAEDTAVYYCAKSYGAFDYWGQGTLVTVS,VH|A_S35D
VH,A_Q39D,+,-0.521529,0.797,soluble,0.665709,Insoluble,Dudgeon,QLLESGGGLVQPGGSLRLSCAASGFTFSSYAMSWVRDAPGKGLEWVSAISGSGGSTYYADSVKGRFTISRDNSKNTLYLQMNSLRAEDTAVYYCAKSYGAFDYWGQGTLVTVS,VH|A_Q39D
VH,A_A40D,+,-0.514695,0.816,soluble,0.708563,Insoluble,Dudgeon,QLLESGGGLVQPGGSLRLSCAASGFTFSSYAMSWVRQDPGKGLEWVSAISGSGGSTYYADSVKGRFTISRDNSKNTLYLQMNSLRAEDTAVYYCAKSYGAFDYWGQGTLVTVS,VH|A_A40D
VH,A_A50D,+,-0.49303100000000005,0.76,soluble,0.737364,Insoluble,Dudgeon,QLLESGGGLVQPGGSLRLSCAASGFTFSSYAMSWVRQAPGKGLEWVSDISGSGGSTYYADSVKGRFTISRDNSKNTLYLQMNSLRAEDTAVYYCAKSYGAFDYWGQGTLVTVS,VH|A_A50D
VH,A_S52D,+,-0.500965,0.7809999999999999,soluble,0.783231,Insoluble,Dudgeon,QLLESGGGLVQPGGSLRLSCAASGFTFSSYAMSWVRQAPGKGLEWVSAIDGSGGSTYYADSVKGRFTISRDNSKNTLYLQMNSLRAEDTAVYYCAKSYGAFDYWGQGTLVTVS,VH|A_S52D
VH,A_G53D,+,-0.498838,0.752,soluble,0.655363,Insoluble,Dudgeon,QLLESGGGLVQPGGSLRLSCAASGFTFSSYAMSWVRQAPGKGLEWVSAISDSGGSTYYADSVKGRFTISRDNSKNTLYLQMNSLRAEDTAVYYCAKSYGAFDYWGQGTLVTVS,VH|A_G53D
VH,A_S54D,+,-0.499262,0.7829999999999999,soluble,0.750322,Insoluble,Dudgeon,QLLESGGGLVQPGGSLRLSCAASGFTFSSYAMSWVRQAPGKGLEWVSAISGDGGSTYYADSVKGRFTISRDNSKNTLYLQMNSLRAEDTAVYYCAKSYGAFDYWGQGTLVTVS,VH|A_S54D
VH,A_G55D,+,-0.501463,0.7390000000000001,soluble,0.720726,Insoluble,Dudgeon,QLLESGGGLVQPGGSLRLSCAASGFTFSSYAMSWVRQAPGKGLEWVSAISGSDGSTYYADSVKGRFTISRDNSKNTLYLQMNSLRAEDTAVYYCAKSYGAFDYWGQGTLVTVS,VH|A_G55D
